"store_type","total_sales","percentage_of_total_sales","order_count"
"Super Store",257946.1999999851,16.073473938103305,"19276"
"Web Portal",417.9700000000001,0.02604508188881801,"43"
"Local",1044744.60999977,65.10146402934478,"78409"
"Outlet",126171.62000000606,7.862167559741094,"9207"
"Mall Kiosk",175513.9399999992,10.93684939093492,"13142"
